experiment_name,tn,fp,fn,tp,f1,precision,recall,mrr,h1,loss
GAT,4684.96,377.04,190.48,821.92,0.7316632850491913,0.6789170873059968,0.8008771689744268,0.9148523092269898,0.8490611481666565,0.07766083285212516
GCN,4808.68,253.32,178.32,834.08,0.7824918365340858,0.7582127929015126,0.8154700613254691,0.9399302959442138,0.8951686072349548,0.06501269526779652
Graph_SAGE,4750.0,312.0,260.48,751.92,0.7202656141201159,0.7051970708715777,0.7499316489074448,0.9088152241706848,0.8395240569114685,0.08509706318378449
