experiment_name,tn,fp,fn,tp,f1,precision,recall,mrr,h1,loss
GAT,1297.2151093785485,115.64041969253945,125.66526966509085,293.864753472296,0.08735578908974126,0.067629653242318,0.12706862970878102,0.046260944493881025,0.07842136770353397,0.03305350339843992
GCN,1333.9894339911393,72.28284720457545,134.57052673846033,293.2828441396917,0.08994610499588862,0.06607736207368854,0.12662927923961834,0.03761043904035531,0.06389130210989744,0.03303390663548008
Graph_SAGE,1323.285148157166,105.7406418239143,196.04105012301207,231.31110363894484,0.0821931362024251,0.054420704662912676,0.13133028844457248,0.0374986330667831,0.06323605234179762,0.029856189949813483
